;Word 0;Word 1;Word 2;Word 3;Word 4;Word 5;Word 6;Word 7;Word 8;Word 9;Word 10;Word 11;Word 12;Word 13;Word 14;Word 15;Word 16;Word 17;Word 18;Word 19;Word 20;Word 21;Word 22;Word 23;Word 24;Word 25;Word 26;Word 27;Word 28;Word 29;Word 30;Word 31;Word 32;Word 33;Word 34;Word 35;Word 36;Word 37;Word 38;Word 39;Word 40;Word 41;Word 42;Word 43;Word 44;Word 45;Word 46;Word 47;Word 48;Word 49;Word 50;Word 51;Word 52;Word 53;Word 54;Word 55;Word 56;Word 57;Word 58;Word 59;Word 60;Word 61;Word 62;Word 63;Word 64;Word 65;Word 66;Word 67;Word 68;Word 69;Word 70;Word 71;Word 72;Word 73;Word 74;Word 75;Word 76;Word 77;Word 78;Word 79;Word 80;Word 81;Word 82;Word 83;Word 84;Word 85;Word 86;Word 87;Word 88;Word 89;Word 90;Word 91;Word 92;Word 93;Word 94;Word 95;Word 96;Word 97;Word 98;Word 99
Sin, Forgiveness, and Salvation;gud;synd;synder;forladelse;guds;menneske;frelse;syndernes;synden;syndere;overfor;d칮d;jesus;skyld;n친de;liv;syndens;omvendelse;hjerte;fortabt;frelsen;synders;bod;vej;b칝rer;gerninger;korset;fald;omvende;hjertet;s칮n;f친r;broder;bort;tager;sp칮rgsm친l;tilgivelse;amen;dersom;frelst;fortabte;frelses;verdens;enkelte;vantro;straf;menneskes;hedder;s칮ger;n칮d;evigt;adam;religi칮se;forlades;lyst;svar;dybe;gerning;gave;byrde;n친degave;svaret;apostelen;fuld;daglig;anger;synderen;fundet;sold;naturlige;david;port;skylden;hovmod;fjendskab;fortabelse;frelser;lam;lod;overtr칝delser;bar;친ben;vrede;omvendt;r친be;bud;riges;skyldige;synderes;n친des;elendighed;omvendte;forladt;kvinde;fortabelsens;bestemt;syndet;pr칮ver;forlade;r칝kker
Death, Resurrection, and Eternal Life;liv;d칮den;d칮d;d칮de;kristus;opstandelse;h친b;livet;levende;kristi;opstandelsen;d칮dens;sejr;lever;graven;leve;lazarus;opstanden;h친bet;d칮;langfredag;d칮r;opstod;forbi;jesu;grav;evige;evigt;p친skemorgen;gamle;opstandelsens;p친sken;budskab;oprejst;engang;opst친;helvede;opstandne;virkelighed;nederlag;synden;begravet;disciple;l칝nge;stod;forkyndt;p친skens;tilv칝relse;forkynder;gik;bryder;korsf칝stet;dele;korsf칝stede;sidst;vender;p친skedag;morgen;oprejse;egentlige;livets;d칮des;h친bl칮se;sorg;st친et;kvinderne;kirke;martha;d칮dsriget;begivenhed;levet;ulykke;sket;sejre;evighed;ringer;kirken;skete;budskabet;sejret;m칮rke;takke;fryd;lykkelige;sejren;skilles;broder;betyder;h친bl칮shed;opfyldelse;forkyndelse;forkynde;historie;fuldt;miste;SAND;ringe;gravene;legeme;opv칝kkelse
Jesus and his earthly ministry;ord;johannes;syge;salige;salig;d칮beren;tale;evangeliet;jesu;tvivl;fattige;bud;l칝ge;d칮den;syg;rask;sygdom;vente;gerninger;raske;칮jeblik;spedalske;myndighed;blinde;sidder;inde;manden;trods;tr칝t;messias;jorden;forarges;d칮ve;lamme;stod;d칮ber;f칝ngsel;ven;sygdommen;l칝gen;hj칝lpe;svar;tvivlen;helbredelse;skaber;tr칝nger;hj칝lper;kap;m친de;f칝ngslet;t칮rster;친benbaring;dage;hjulpet;syndere;undergerninger;sendte;st친r;straks;pr칝dikes;d칮de;sundhed;forkyndes;fattigdom;livs;disciple;칝rinde;tr칝de;seng;sidde;kongens;l칝gedom;regel;hungrer;opgivet;pr칮vet;st칮rste;levi;anf칝gtelse;direkte;sj칝ldent;dam;herodes;snak;renses;forringes;s칮rger;slags;vokse;stum;siges;bryde;ringe;helbredt;bind;r칮r;d칮berens;melder;m칝le;h친bl칮st
Prayer and Divine Help;b칮n;bede;beder;gud;n칮d;hj칝lp;b칮nnen;hjem;hj칝lpe;fader;bad;bed;b칮nnens;hjulpet;l칝re;n칮den;b칮nner;kvinde;bedt;tr칝nger;bestemt;hj칝lpen;fadervor;andres;tider;s칮ge;daglige;kraft;velsignelse;m칮de;dagens;erfaring;onde;dagen;친ndeligt;친ndelige;bo;brudgommen;seende;f친r;r친b;r친be;olie;bedende;gudsfrygt;l칝rt;luk;tankerne;virkelig;칝gteskabet;egentlig;forb칮n;livs;r친bte;sygdom;kvinden;kamp;l칝rer;lampen;fromme;n칮dvendigt;derom;olien;l칝r;begynde;israels;fremmed;danmark;kanan칝iske;hj칝lper;mangel;skade;칝gteskab;had;forpligtelse;sammenhold;resten;aftenb칮n;s친dant;pr칮velse;gr칝nse;krigen;samaritan;hus;bedre;hold;gr칝nsen;dersom;afvisning;timelig;hunde;r친bet;selviskhed;forbillede;paradis;snarere;nytter;s칮ger;m친der;almindelighed
The people of Israel;herren;folk;herrens;gamle;tid;indre;ord;falske;fred;tale;vente;israel;frelse;israels;ydre;r칮st;tr칮st;profeter;mission;troende;hjerter;kende;viser;talte;venter;tegn;arbejdet;simeon;jerusalem;sj칝l;l칝re;arbejde;folkene;fare;templet;byen;s칮ge;profeten;profet;sted;forventning;drive;gerninger;hvile;fejl;enkelt;hav;kald;hellig;hjem;mener;helligdommen;친ndelige;salme;lede;rede;samfund;efesus;hedningerne;bekymringer;tidens;omvende;hjerterne;omvendelse;gik;folket;genkomst;uvished;j칮derne;stilhed;fuld;친nd;zakk칝us;sent;lever;dom;tales;l칝nges;missions;kendetegn;land;uro;opfyldes;rent;byens;by;ventede;udholdenhed;hedenske;forkyndere;gammelt;nat;str친lende;r친bte;esajas;fylder;messias;vagt;forladt;forud
Heaven and the Kingdom of God;rige;guds;verden;f친r;gl칝de;forventning;tid;lever;riges;himmeriges;tager;lyst;arbejde;riget;indbydelse;tilv칝relse;b칮rnene;betyder;tiden;b칮rn;pligt;gave;fremtiden;jord;forventningen;rigets;begynder;disciple;krig;voksne;tanker;jordiske;indenfor;m칮des;lyder;tv칝rtimod;s칮g;velsignede;retf칝rdighed;redde;storhed;sk칮nne;mad;barnet;eksempel;retf칝rdighedens;lykkes;blevet;selvf칮lgelig;l칝gger;gaver;besat;krigen;historie;dagens;ordning;nadver;samfund;n칮dvendige;salige;gr칝nse;oplever;hovedet;kr칝fter;lignelsen;anstrengelser;kalken;lykke;forkyndt;voksnes;bruger;uret;tyder;indbyde;geng칝ld;mark;indbydelsen;rent;m칮je;krav;ulykker;taler;fremgang;forventningens;d칮mt;arbejder;bedste;g칮res;fortjeneste;gr칝nsen;forvandler;forl칮sningen;uretf칝rdig;n칝rv칝rende;frie;frygter;l칮fte;allermest;optimisme;luk
The word of God and its reception;ord;kristus;gud;verden;guds;liv;h친b;h칮re;ordet;tro;st친r;betyder;evangeliet;holde;kristi;f친r;ganske;jesu;fred;sted;d칮d;gode;taler;virkelig;slet;evangelium;jorden;blevet;dom;midt;lade;d칠r;tror;vantro;hverken;kalder;forst친r;overfor;forst친;eget;bort;lader;jesus;sikkerhed;egne;leve;side;g칝lder;n친de;fald;amen;tale;best친r;taget;talt;fattige;troende;trods;n칮jes;virkelige;budskab;skjult;d.v;칮jne;lever;m칮der;kender;tilh칮rer;tilgivelse;d칮;borte;sandheden;stedet;ethvert;g친et;lyder;rette;engang;fast;virkeligheden;frygt;sk칮nt;tegn;vide;h친bet;steder;fremtid;dage;tr칮st;bedre;medmennesker;sikre;dommen;tager;samvittighed;ydre;kr칝ver;칮nsker;fortvivlelse;s친dant
Truth, Lies, and Spiritual Warfare;sandheden;sandhed;dj칝velen;onde;guds;sandhedens;l칮gn;kamp;친nd;tid;sandt;menneske;magt;synd;mennesker;br칮d;lade;kristendommen;l칮gnen;칮rkenen;blod;kejseren;kampen;fred;g칝lder;dj칝velens;satan;spil;친nder;skrevet;sv칝rd;m칮rke;vold;k칮d;viser;fast;levede;krigen;mulighed;sp칮rge;ingenting;fristelse;abrahams;bilde;falde;lader;livet;krig;l칮gnens;fristet;sejr;v친ben;hed;ondskab;vej;dj칝vel;kaldes;helvede;pr칝diken;pligt;mennesket;f칮lte;sande;skabe;sandheder;bibelen;sandelig;fristes;person;k칮be;sl친r;troede;skete;modsatte;religion;kultur;lukket;st친r;kejserens;tide;abraham;ondes;fjende;menneskeheden;sejren;modig;dersom;evighed;udnytte;forhold;passer;farligste;udg친r;indefra;duer;usynlige;idealer;vig;fristeren;fristelsen
The love and sacrifice of Christ;k칝rlighed;jesus;k칝rligheden;elske;kors;mennesker;elsker;jesu;korset;fjender;tjene;lidelse;bud;d칮den;onde;k칝rlighedens;fjende;elskede;give;eget;hjerte;ondt;elsket;offer;hensyn;tjeneste;side;b칝re;verdens;lidelsen;skyld;lider;plads;midt;frelse;iblandt;칝re;k칝rligheds;rene;lidelser;hader;tjener;lide;viser;fader;ofre;hjerter;korsets;betyder;hade;forstand;bar;tog;s칮stre;hvilket;sandhed;tilh칮rer;stiller;let;n칝rmeste;kr칝ver;prisen;hustru;h칮jre;vold;tjenesten;d칠r;tilgive;br칮dre;sv칝rt;vers;syndige;betale;redde;korsf칝stede;findes;blind;g친de;skete;ansvaret;opfylde;f칮dder;skilles;omkostningerne;moder;hensynsl칮s;for칝ldre;sagf칮rer;칝gte;driver;grav;endog;barmhjertighed;autoritet;langfredag;v칝rste;grund;taler;genl칮sning;lidelsens
Wealth, Poverty, and Spiritual Riches;gud;rige;sj칝l;rigdom;fattige;penge;give;enhed;rig;navn;mennesker;svar;menneske;bygge;gav;hus;grund;gl칝de;fattigdom;lykke;fast;ejer;fattig;lagt;bes칮g;fundet;evigt;verden;v칝rdi;bygger;f친et;bygges;f칝llesskab;svaret;evige;h칝nder;taget;unge;holdt;친ndelige;budene;slags;fylde;sten;bleven;utro;bygget;umuligt;ofre;rigere;altsammen;sp칮rge;kreds;frelst;fuldkommen;fandt;l칝re;guld;betale;skat;tanker;verdslige;enke;offer;byggede;tab;menigheden;tager;l칝ngsel;f칝rdig;alvor;rigdommen;sp칮rgsm친let;spurgte;valgt;친nd;glemte;kl칝der;grundvold;indenfor;skabt;usikkerhed;rigtige;klippen;pengene;samle;ejendom;sat;samfundet;lader;enkelt;gods;templet;hj칝lper;stene;optaget;timelige;samlet;beror;mammon
Light/Darkness, and Spiritual Fruitfulness;lys;m칮rke;frugt;ordet;lyset;ord;m칮rket;guds;b칝re;h칮st;verdens;s칝den;gode;liden;h칮sten;stund;s칝d;jord;s친et;gl칝de;tr칝et;lyse;b칝rer;h칮ster;natten;billede;verden;grund;aften;salt;forladelse;nat;lyst;dagen;jorden;s친r;skinner;vintr칝et;skabe;solen;frugter;hjerte;talt;sande;v칝kst;m칮rkets;skinne;t칝nder;syndernes;bygger;hjerter;ordets;vokser;grene;grenene;forbindelse;b칮rns;sol;lampe;tr칝;frugten;m칮rkt;t칝nker;sommer;marken;kornet;time;f칝lles;slukkes;rod;taknemlighed;lysets;angst;hvide;troens;juleaften;skjule;gl칝der;naturen;vintr칝;vokse;gren;lyser;gro;markerne;r칝kker;eders;straks;fromme;udholdenhed;rene;skin;ende;skyer;ond;lignelsen;paradis칝bler;s칝demanden;stjernerne;grenen
God뇹 Mercy and Judgment;gud;guds;n친de;retf칝rdighed;dom;barmhjertighed;godhed;lignelsen;k칝rlighed;gode;f친et;herre;retf칝rdige;syndere;tjener;n친dens;tjeneste;evangeliet;lignelse;lov;h칮re;tjenere;kalder;plads;m친de;tjenesten;n친dig;bedre;n친den;takke;afg칮rende;g칝lder;s칝tte;orden;dommen;grund;ving친rden;k친r;frugter;rette;onde;retf칝rdig;vrede;l칮n;b칮rn;forg칝ves;give;lovens;modtaget;gave;krav;tr칝;udenfor;sat;forskel;moralske;b칝rer;v칝rdighed;folk;gaver;fortjeneste;fortjent;billede;frugt;glemme;sandhed;m칝rket;evangeliets;dage;kristendom;fortid;sag;v칝rd;klart;menneskers;skylder;sp칮rger;dagen;칮je;sp칮rgsm친l;fromme;strenge;torvet;vred;ufortjent;kongen;time;evner;ansigt;dommens;trang;anderledes;uretf칝rdige;altsammen;retten;talent;faris칝ernes;kr칝ver;barmhjertigheden;n칮jes
Power and freedom;magt;verden;frihed;ord;kristus;fri;magten;frie;herre;give;rette;h친nd;stille;verdens;frygt;virkelig;d칮den;f칮rerskab;bundet;lukker;plads;sande;friheden;vold;d칮r;lukket;syndens;h칮jt;had;inde;lukkede;faderen;frit;s칮ge;fare;frig칮relse;h칝nder;s칮nnen;sp칮rgsm친let;d칮ren;tryghed;f칮rer;onde;underlagt;sejre;ydre;d칮dens;vende;magter;st칮rste;tr칝lle;uret;bryde;erkende;indre;hj칝lp;st칮vet;hersker;brudt;hjerter;herred칮mmet;친bne;blinde;kristendom;l칝nker;b친nd;falske;frig칮re;k친r;tvang;m칝gtige;lande;oph칮jet;menneskelige;herred칮mme;sukket;d칮re;form친r;bundne;tr칝ldom;overvinde;tryg;lukke;krav;hyrde;anklage;r칮st;midler;unge;hjertet;alvor;binder;lukkes;친bner;selvh칝vdelse;behov;gr칝nse;rejser;adgang;fremmed
Serving God in Life and Ministry ;gud;herre;paulus;guds;tjeneste;tjener;sj칝l;nat;muligt;dage;holdt;slap;kristi;m칝nd;skibet;stormen;stod;storm;kaldte;l칮b;ende;sagde;n친de;mester;kana;kald;land;havet;vold;legemet;vegne;regne;bundet;s칮en;vandet;sidste;n칮d;satte;친rtusinder;kl칝dt;sat;vinden;legeme;grebet;bryllup;h친rdt;frels;endog;hu;m칮rket;evne;d친d;griber;borg;pris;synke;v친gne;peder;frygt;stund;r친b;v칝ldige;tillid;n친et;brylluppet;sejler;h칝nder;opg칮r;f칝ngsel;l칝gger;drev;n칝ppe;mening;festen;spise;v칝rre;skib;havets;havn;sj칝le;bjerge;storme;vender;kursen;begyndte;kapitel;celle;uendeligt;r친ber;tog;lemmer;duer;friske;pyntet;rolig;kaste;drives;forg친r;trofaste;lidet
God뇹 Word and Peace in Turmoil;ord;guds;verden;ordet;kristus;fred;herren;midt;ting;lyder;een;f친r;evangelium;herrens;gl칝de;st친r;taler;sandt;evangeliet;dage;gud;herlighed;s칮ndag;livets;frem;altsammen;verdens;m칮der;h친b;h칮re;evig;hedder;trods;d친b;bestandig;lys;g칝lder;sted;h친nd;forkynder;d칮dens;n칮d;hvorledes;frelse;mindes;synge;klart;m칮rke;tider;d친ben;hin;tegn;herre;langt;k친r;ovenfra;tr칮st;tekst;minder;dagens;troen;p친ny;skete;budskab;vide;betyder;h칮je;slet;sandhed;falder;kraft;egne;m칮de;veje;lyde;alting;iblandt;vejen;minde;gerning;m친de;d친bens;mennesket;칮jeblik;himmelen;evige;forkyndes;ordene;troens;gave;lyset;dybe;pinse;forst친r;glans;p친ske;kommende;st칮rre;칮de;grunden
The Name of Jesus;navn;jorden;jesu;himlen;verden;betyder;칝re;kristne;jord;tro;jordens;frem;verdens;magt;himmel;evige;eget;engang;h친nd;folk;sk칮nne;himlens;l칮fter;h친b;konge;hvide;sejr;gamle;lader;sag;ende;evighed;kr칝fter;plads;d칮d;kalde;hedder;rige;h칮jre;t칝nker;dom;syn;l칮fte;m친l;skyld;kalder;stolte;nat;vand;t칮r;l칝gger;hus;lyse;skabt;navnet;navne;frelst;hoved;livets;alm칝gtige;d칮;fast;tanke;blik;troen;tidens;k칝re;rystes;친ret;elskede;begyndt;nederlag;begyndelse;n칝vner;sikre;칝ren;hoveder;fjerne;magten;친rets;nikodemus;ejer;menneskeheden;hjemme;m칮rkets;tilv칝relse;sukker;tager;befaling;deroppe;krige;himmelen;nyt친r;stride;mer;bort;stjernerne;menneskes칮nnen;bl친;칝ngstes
The Holy Spirit and Divine Inspiration;guds;jesus;gud;ord;친nd;liv;paulus;jesu;친nden;mennesker;v칠d;n친de;verden;kristus;levende;frelser;tro;hellige;st친r;gerning;kraft;ordet;herren;frelse;hellig친nd;fader;tror;evige;give;s칮n;synd;hellig친nden;kristi;menighed;d친b;b칮rn;rige;tr칝nger;himlen;hjerte;b칮n;lever;taler;troende;친ndens;lov;vidnesbyrd;sind;bekendelse;leve;f친r;amen;d친ben;tale;bede;bliv;virkelighed;evig;herlighed;vidner;synder;sj칝l;hjerter;rom;borte;faders;eders;tak;virker;verdens;hvorledes;salighed;faderen;g칝lder;troens;syndens;frelst;sandhed;samfund;grund;sagde;blod;fylde;herrens;troen;l칝ser;lyder;johannes;ild;kender;bekender;pagt;d칮bt;menigheden;findes;vidne;evigt;SAND;lys;flok
Christmas and Incarnation;gud;guds;maria;jorden;frygt;s칮n;mennesker;menneske;jul;julen;n친de;gl칝de;lovsang;barn;grund;frygten;gamle;ansigt;f칮dt;fader;b칮rn;st칮rste;fundet;faders;fred;herlighed;marias;julens;kende;mennesket;velbehag;menneskene;marie;k칮d;frygte;alm칝gtige;moder;orden;johannes;bolig;kvinde;englen;takke;f칮dsel;himlen;muligt;jord;sang;indgriben;vilje;angst;sl칝gt;s칮ger;for칝ldre;budskab;finder;skridt;hyrderne;tilbede;f칮de;l칮d;d칮;kloge;v칝lde;griber;fuld;jomfru;frygter;virkelige;umuligt;sendt;gudsfrygt;sangen;sande;iblandt;sket;frelser;toner;s칮de;forkynder;arm;nazaret;stefanus;oph칮jet;julegl칝de;tom;led;tager;sandt;godhed;underet;bo;m칝gtige;anede;sl칝gten;dyr;enb친rne;tabte;engle;tabt
Life뇹 Path and Divine Guidance;vej;gud;vejen;tid;ting;livet;g칝lder;f칮rer;b칮rn;h친nd;st친r;jesus;sp칮rgsm친l;gode;folk;let;m칮de;kender;livets;rette;m친let;m친l;stille;lade;l칝re;hj칝lp;fast;k칝rlighed;finder;tager;lidelse;vanskeligheder;tider;holde;hj칝lpe;strid;alvor;f칮re;herlighed;tale;bort;sorg;st칝rkt;eders;v칠d;gik;herre;sandt;frem;veje;midt;sv칝rt;f친r;st칝rke;sidste;sl친;sp칮rgsm친let;jerusalem;hjem;fald;forstand;altsammen;styrke;venter;tiden;sandhed;l칝gge;standse;sv칝re;svage;trods;fri;m칮der;klar;v칝ldige;n친et;r칝kke;dele;k칝mpe;st칝rkere;talt;lov;udenom;k칝mper;plan;evige;muligt;regne;b칝rer;omsorg;tanker;vender;tr칝nger;forstod;opad;lidelser;standser;sinde;fremad;tr칝ngsel
Life and Daily Sustenance;liv;livet;leve;livets;menneske;br칮d;mennesker;eget;d칮den;lever;gave;gud;d칮d;give;krav;skyld;gl칝de;menneskeliv;st칮rre;vin;칮jeblik;v칝rd;gl칝den;hinanden;levede;angst;f친r;menneskelivet;bort;d칮r;livs;h친nd;troen;f칝lles;forst친r;d칮;levet;친ndeligt;tegn;gaver;modtage;mennesket;d칮de;tilv칝relse;r칝kker;leves;sandt;vand;fader;blevet;ende;kender;n칝ring;skabte;menneskelige;rigtigt;jordiske;t칝nker;glad;gav;fyldt;t칝nke;oplysning;arbejdet;m칝tte;f친et;gaven;vinen;modtager;daglige;grunde;tekst;tv칝rtimod;bekymringer;dagligt;bestemt;칮jeblikke;himlen;칮delagt;andens;medens;m칝rkelige;칮de;beg칝r;kort;drikke;hvilket;styret;stykke;tages;gavmildhed;sl칝gt;sultne;indre;grund;dele;udenom;gl칝der;bekymre;칝re
Divine Will and Worldly Challenges;gud;liv;guds;mennesker;kristus;vilje;verden;kristne;kraft;magt;leve;taler;forhold;onde;give;blevet;virkelig;ting;tanker;lade;eget;levende;sind;m칮der;kristendom;tjene;lever;betyder;gerning;tjeneste;kristen;beh칮ver;frem;herre;tid;lydighed;t칝nker;forbindelse;virke;kr칝fter;친nd;forst친;kristi;kald;egne;sat;gode;ganske;vidnesbyrd;udtryk;bruger;ordet;t칝nke;hus;viser;vinde;betydning;tanke;menneskers;klart;kaldet;rige;sande;paulus;grad;tr칝nger;v칝sen;칠n;l칝nge;menneskelig;s칝tter;s칝tte;f친et;betroet;rigtigt;m친de;f칮rer;jorden;kristendommen;tro;칮nsker;sp칮rger;forst친r;indflydelse;gerninger;bruge;rede;personlige;st칮rre;deraf;enkelt;b칮je;f칮ler;bestemmelse;daglige;lede;handle;dengang;herred칮mme;billede
Narratives of Jesus;s칮n;tale;gik;sagde;folk;jesus;talte;r칮st;stod;tog;tid;barnet;h칮re;forst친;faderen;josef;hjem;hjemme;fremmede;blevet;grad;skete;b칮rn;m친de;fortabte;egne;blod;sidst;herodes;levende;j칮derne;billede;h칮j;g친et;sorg;barn;lod;hyrde;h칮jt;b칮rnene;vidste;f칮dt;tv칝rtimod;bibelen;moses;land;tanke;sad;m칝rkeligt;fandt;folket;siges;historie;kommen;d칮de;skikkelse;gerning;s칮gte;bort;faderens;m칝rke;r친ber;forbindelse;drage;dr칮m;natten;frelseren;rejste;manden;bagefter;tydeligt;medens;dengang;billedet;villet;v칝rk;rejse;s칮ster;hverken;j칮de;fremmed;drevet;bjerget;bleven;lyst;side;sprog;fort칝ller;f칮rt;forklaringen;sk칮nt;bog;kaldte;vistnok;forstod;친bne;j칮diske;j칮der;lande;slog
Faith and doubt;tro;jesus;troen;tror;vantro;jesu;n칮d;troens;hj칝lp;herre;kraft;k칝rlighed;tillid;synd;tvivl;magt;hj칝lpe;frelse;vidste;sagde;troede;mulige;taler;disciplene;verdens;umuligt;give;frelser;bjerg;vide;stod;svar;kamp;virkelig;kr칝fter;vantroen;overbevisning;hvile;grund;situation;fornuft;skyld;f칮re;tog;thomas;fred;frelsen;afmagt;troende;frelsende;eget;undere;menneskers;l칝rte;rigtige;sorgen;fort칝lle;lidende;sv칝rt;tvivlen;magter;form친r;apostlene;viser;underfulde;meninger;l칝nges;ordet;bunds;talte;fast;st칝rkere;umulige;lydighed;l칮fte;forklarelsens;tilsyneladende;hjertes;v칝rre;s칮ge;historie;vendte;besked;filip;stilhed;kors;elias;oppe;menneskeliv;vantroens;tvivler;lytter;t칮r;overbevist;tros;beretning;disciple;bragte;korsets;farer
Jesus and the sinners;jesus;hus;ganske;slags;vej;vejen;faris칝eren;virkelig;grunden;mennesker;forbi;sag;krav;m칮der;borte;herre;slet;een;kende;tolderen;kender;tager;lade;bryder;toldere;f친r;fattige;finder;f칮dder;mener;vide;blik;ren;t칮r;kvinden;engang;kvinde;synder;forskellige;faris칝er;lader;vidste;syn;n칝ppe;samfund;plads;side;kalde;f칮le;svarer;fejl;bords;anderledes;bedr칮vet;fundet;tolder;칝rlig;rent;bort;langt;udenfor;tog;s친danne;forf칝rdelse;칮jne;zak칝us;almindelige;fald;enkelt;칮nsker;bord;forskel;bet칮d;an;fuld;andres;mulighed;rigdom;sorg;straks;blevet;sl친;vender;almindelighed;tilf칝lde;alvor;s칝tter;lidet;sikkert;jeriko;begyndelsen;tvivl;st친r;skete;gives;fri;indbyder;ansigt;nazareth;h칮jere
Personal Encounters with Christ;gud;ord;engang;st친r;jesus;gik;hjerte;sagde;칮jne;sind;tro;langt;f친r;gav;sidste;slet;barn;ting;blevet;t칝nke;holde;frem;t칝nker;menneske;inde;ganske;b칮rn;tror;give;mennesker;tak;gamle;bedre;begynder;h칮re;f친et;kender;unge;gl칝de;vidste;mor;rigtig;hinanden;sidder;b칝re;k칝re;egentlig;sted;bange;gode;l칝rt;stod;lov;g친et;kalder;holdt;hjem;himlen;skyld;glade;f칮ler;l칝nge;sikkert;dybt;klare;h칝nder;tanker;selve;taget;bedste;kristne;fort칝ller;hjemme;stedet;beder;kendte;hellige;l친;kirke;t칝nkte;vide;stille;herre;rigtigt;h칮je;sad;t칮r;galt;st칮rre;gammel;forst친r;samtidig;anderledes;svare;vilje;칮jeblik;d칠r;ondt;sidst;l칝re
Discipleship and Following Jesus;jesus;ord;herren;peter;jesu;mennesker;m친de;ting;disciple;sagde;tid;herre;overfor;st친r;frelser;dage;disciplene;bort;let;herrens;st칮rste;mon;navn;lyder;steder;apostlene;hellige;discipel;kender;bruge;pr칮ve;t칝nk;hj칝lpe;peters;side;st칝rk;velsignelse;d칠r;troende;kendte;tog;trang;venner;fast;amen;stille;satan;gik;tekst;stund;gange;t칝nke;fald;m칮de;sp칮rgsm친l;v칠d;tjene;s친danne;tredje;sl칝gt;l칮d;glad;nadveren;svarede;apostle;levede;evangelium;sandelig;tale;forst친r;fristelser;brev;dengang;sag;begyndte;elskede;talte;l칝ser;sp칮rger;holdt;친ndelig;ordene;fristelse;fulgte;br칮dre;ven;칝gte;kaldt;ordet;grund;sidste;fristes;vidner;samles;simon;m칮dte;klart;aller;undertiden;apostlenes
The law and moral Obligation;lov;guds;jesus;loven;love;mennesker;g칝lder;hinanden;kraft;s칝tte;칝re;arbejde;menneske;tale;s칝tter;liv;faris칝erne;b칮rn;eget;forholdet;rette;staten;sag;lovens;stilling;forlange;lod;s친dant;egne;stand;forh친nd;adlyde;almindelig;f친r;ondskab;tager;sp칝nding;luther;give;tillid;martha;modstand;lydighed;vidt;udenfor;skyldige;moses;forargelse;for칝ldre;klar;livslov;skabte;undg친;sikker;d칮r;jamen;satte;lyver;k칝mpe;grunde;afgrund;bestemte;interesser;s칝rlige;sagen;forskel;hj칝lpe;tegn;forsvare;statens;langt;sp칮rger;personlighed;meste;ondskaben;trods;forbryder;kald;kende;l칮gn;anstrenge;ansvarlige;st친r;sp칮rg;bestemt;stat;f.eks;mistillid;친nd;krig;omd칮mme;jesusbarnet;칝ren;samfundet;passe;d칮d;retf칝rdige;hvormed;vide;ligeglade
The Danish Church and National Identity;folk;danske;kirke;kirken;danmark;folket;konge;land;l칝nge;tid;menighed;alvor;jerusalem;enkelte;gamle;dansk;landet;s칮ndag;kristne;sk칝bne;herrens;dage;folks;tider;hedder;iblandt;s칮ndagen;folkets;pr칝ster;kristen;f칝dreland;g칮res;takke;angst;blevet;m칝nd;grund;pr칝sten;pr칝st;sl친r;landsm칝nd;jorden;sl친;fremtid;danmarks;g칝lder;bes칮gelsestid;menigheden;kongen;sket;ihjel;idag;opgave;grundtvig;f칮re;m친de;tiden;dagen;opleve;lands;evigheden;par;livet;by;kristent;ung;disciple;uge;sogn;indtog;vrede;historie;best친;red;oplever;april;st칝rkere;situation;gjaldt;stilling;skyldes;synge;pr칝dike;kamp;gav;palmes칮ndag;fremmede;syn;samles;indsats;ungdom;romerne;dyre;orden;ofre;f칮lelse;kong;christian;morgen;frit
Human Interaction and  Evangelism;mennesker;menneske;tale;m친de;evangeliet;overfor;mennesket;gud;taler;kirken;stedet;skyld;livet;ansvar;ganske;menneskets;jesu;virkelighed;mening;ordene;hinanden;meningen;trods;bundet;h칮re;lade;ansvaret;budskab;iblandt;betyder;frem;menneskers;menneskelige;mener;f칝llesskab;f칝lles;tales;kalder;lader;sk칝bne;indhold;tro;holde;kender;forskellige;menneskene;findes;handler;m친l;forkynder;muligt;almindelige;f칮ler;virkeligt;regner;t칝nke;angsten;gives;evangelium;glemt;ingenting;udenfor;bud;forkyndes;kende;mente;evangeliets;evne;budskabet;befaling;f칮le;stiller;rette;stilling;indenfor;egentlig;viser;virkeligheden;fast;칮jeblikket;stillet;forkynde;tilv칝relsen;religion;fort칝lling;h친b;mulighed;kirke;st칝rke;arbejde;skabe;s친danne;n칮d;alvorligt;anderledes;form;forklaring;idealer;klarhed;menneskes
Forgiveness;liv;livet;ord;jesu;levende;tilgivelse;menneske;gerninger;forhold;ganske;slet;jesus;m친de;leve;forst친;gode;sp칮rgsm친l;gerning;mennesket;barmhjertighed;livs;gl칝de;engang;selve;livets;mening;taknemmelighed;virkeligheden;tilgive;moral;ting;forst친else;altsammen;svar;sp칮rgsm친let;lutter;godhed;tale;evige;tilgivelsen;natur;tro;forstand;forholdet;evighed;eget;skabt;칮jeblik;hinanden;jeget;udtryk;kilde;egentlig;menneskeligt;derimod;menneskelighed;turde;aldeles;give;ethvert;lade;ondskab;karakter;forkyndelse;forsigtighed;hverken;lyst;ubekymrethed;mener;deraf;v칝sen;skabte;optr칝den;ubekymret;fuld;evangeliet;mene;bekymring;given;bilder;disciplene;egenk칝rlighed;t칮r;evigheden;ond;tanke;person;meninger;lader;칝gte;spillet;evigt;best친r;sk칝nket;n칝stek칝rlighed;elske;mods칝tning;rent;udenfor;stedet
